Stadt, Name
Aalen, Kopernikus-Gymnasium Wasseralfingen (Hauptstelle)
Aalen, Schubart-Gymnasium Partnerschule für Europa (Hauptstelle)
Aalen, Theodor-Heuss-Gymnasium (Hauptstelle)
Achern, Gymnasium Achern (Hauptstelle)
Adelsheim, Eckenberg-Gymnasium Progymnasium und und Staatl. Aufbaugymnasium mit Internat Adelsheim (Hauptstelle)
Albstadt, Gymnasium Ebingen (Hauptstelle)
Albstadt, Progymnasium Tailfingen (Hauptstelle)
Alpirsbach, Progymnasium Alpirsbach (Hauptstelle)
Altensteig, Christophorus-Gymnasium Altensteig (Hauptstelle)
Altshausen, Progymnasium (Hauptstelle)
Asperg, Friedrich-List-Gymnasium (Hauptstelle)
Aulendorf, Gymnasium (Hauptstelle)
Backnang, Gymnasium in der Taus (Hauptstelle)
Backnang, Max-Born-Gymnasium (Hauptstelle)
Bad Buchau, Progymnasium (Hauptstelle)
Baden-Baden, Gymnasium Hohenbaden (Hauptstelle)
Baden-Baden, Markgraf-Ludwig-Gymnasium (Hauptstelle)
Baden-Baden, Richard-Wagner-Gymnasium (Hauptstelle)
Bad Friedrichshall, Friedrich-v.-Alberti-Gymnasium (Hauptstelle)
Bad Krozingen, Kreisgymnasium (Hauptstelle)
Bad Mergentheim, Deutschorden-Gymnasium (Hauptstelle)
Bad Säckingen, Scheffel-Gymnasium (Hauptstelle)
Bad Saulgau, Störck-Gymnasium (Hauptstelle)
Bad Schussenried, Caspar-Mohr-Progymnasium (Hauptstelle)
Bad Urach, Graf-Eberhard-Gymnasium (Hauptstelle)
Bad Waldsee, Gymnasium (Hauptstelle)
Bad Wildbad, Enztal-Gymnasium Wildbad (Hauptstelle)
Bad Wimpfen, Hohenstaufen-Gymnasium (Hauptstelle)
Baiersbronn, Richard-von-Weizsäcker- Gymnasium (Hauptstelle)
Balingen, Gymnasium (Hauptstelle)
Bammental, Gymnasium Bammental (Hauptstelle)
Beilstein, Herzog-Christoph-Gymnasium (Hauptstelle)
Besigheim, Christoph-Schrempf-Gymnasium (Hauptstelle)
Biberach an der Riß, Pestalozzi-Gymnasium (Hauptstelle)
Biberach an der Riß, Wieland-Gymnasium (Hauptstelle)
Bietigheim-Bissingen, Gymnasium II Im Ellental (Hauptstelle)
Bietigheim-Bissingen, Gymnasium I Im Ellental (Hauptstelle)
Blaubeuren, Evangelisches Seminar (Hauptstelle)
Blaubeuren, Joachim-Hahn-Gymnasium (Hauptstelle)
Böblingen, Albert-Einstein-Gymnasium (Hauptstelle)
Böblingen, Lise-Meitner-Gymnasium (Hauptstelle)
Böblingen, Max-Planck-Gymnasium (Hauptstelle)
Böblingen, Otto-Hahn-Gymnasium (Hauptstelle)
Bönnigheim, Alfred-Amann-Gymnasium (Hauptstelle)
Bopfingen, Ostalb-Gymnasium (Hauptstelle)
Brackenheim, Zabergäu-Gymnasium (Hauptstelle)
Breisach am Rhein, Martin-Schongauer-Gymnasium (Hauptstelle)
Bretten, Edith-Stein-Gymnasium (Hauptstelle)
Bretten, Melanchthon-Gymnasium (Hauptstelle)
Bruchsal, Justus-Knecht-Gymnasium (Hauptstelle)
Bruchsal, Schönborn-Gymnasium (Hauptstelle)
Buchen (Odenwald), Burghardt-Gymnasium (Hauptstelle)
Bühl, Windeck-Gymnasium (Hauptstelle)
Burladingen, Progymnasium (Hauptstelle)
Calw, Hermann-Hesse-Gymnasium (Hauptstelle)
Calw, Maria-von-Linden-Gymnasium (Hauptstelle)
Crailsheim, Albert-Schweitzer-Gymnasium (Hauptstelle)
Crailsheim, Lise-Meitner-Gymnasium Crailsheim (Hauptstelle)
Denzlingen, Erasmus-Gymnasium (Hauptstelle)
Ditzingen, Gymnasium in der Glemsaue (Hauptstelle)
Donaueschingen, Fürstenberg-Gymnasium (Hauptstelle)
Donzdorf, Rechberg-Gymnasium (Hauptstelle)
Dornstetten, Gymnasium (Hauptstelle)
Durmersheim, Wilhelm-Hausenstein-Gymnasium (Hauptstelle)
Dußlingen, Karl-von-Frisch-Gymnasium (Hauptstelle)
Eberbach, Hohenstaufen-Gymnasium (Hauptstelle)
Ebersbach an der Fils, Raichberg-Gymnasium (Hauptstelle)
Ehingen (Donau), Johann-Vanotti-Gymnasium (Hauptstelle)
Eislingen, Erich-Kästner-Gymnasium (Hauptstelle)
Ellwangen (Jagst), Hariolf-Gymnasium (Hauptstelle)
Ellwangen (Jagst), Peutinger-Gymnasium (Hauptstelle)
Emmendingen, Goethe-Gymnasium (Hauptstelle)
Engen, Gymnasium Engen (Hauptstelle)
Eppelheim, Dietrich-Bonhoeffer-Gymnasium (Hauptstelle)
Eppingen, Hartmanni-Gymnasium Eppingen (Hauptstelle)
Esslingen am Neckar, Georgii-Gymnasium (Hauptstelle)
Esslingen am Neckar, Mörike-Gymnasium (Hauptstelle)
Esslingen am Neckar, Schelztor-Gymnasium (Hauptstelle)
Esslingen am Neckar, Theodor-Heuss-Gymnasium (Hauptstelle)
Ettenheim, Gymnasium Ettenheim (Hauptstelle)
Ettlingen, Albertus-Magnus-Gymnasium im Schulzentrum (Hauptstelle)
Ettlingen, Eichendorff-Gymnasium (Hauptstelle)
Fellbach, Friedrich-Schiller-Gymnasium (Hauptstelle)
Fellbach, Gustav-Stresemann-Gymnasium (Hauptstelle)
Filderstadt, Dietrich-Bonhoeffer-Gymnasium (Hauptstelle)
Filderstadt, Elisabeth-Selbert-Gymnasium Bernhausen Filderstadt (Hauptstelle)
Freiberg am Neckar, Oscar-Paret-Schule Gemeinschaftsschule, Realschule und Gymnasium (Hauptstelle)
Freiburg im Breisgau, Berthold-Gymnasium (Hauptstelle)
Freiburg im Breisgau, Deutsch-Französisches Gymnasium (Hauptstelle)
Freiburg im Breisgau, Droste-Hülshoff-Gymnasium (Hauptstelle)
Freiburg im Breisgau, Friedrich-Gymnasium (Hauptstelle)
Freiburg im Breisgau, Goethe-Gymnasium (Hauptstelle)
Freiburg im Breisgau, Kepler-Gymnasium (Hauptstelle)
Freiburg im Breisgau, Rotteck-Gymnasium (Hauptstelle)
Freiburg im Breisgau, Theodor-Heuss-Gymnasium (Hauptstelle)
Freiburg im Breisgau, Wentzinger-Gymnasium (Hauptstelle)
Freudenstadt, Kepler-Gymnasium (Hauptstelle)
Friedrichshafen, Graf-Zeppelin-Gymnasium (Hauptstelle)
Friedrichshafen, Karl-Maybach-Gymnasium (Hauptstelle)
Furtwangen im Schwarzwald, Otto-Hahn-Gymnasium mit RSZ (Hauptstelle)
Gaggenau, Goethe-Gymnasium (Hauptstelle)
Gaildorf, Schenk-von-Limpurg-Gymnasium (Hauptstelle)
Gammertingen, Gymnasium (Hauptstelle)
Geislingen an der Steige, Helfenstein-Gymnasium (Hauptstelle)
Geislingen an der Steige, Michelberg-Gymnasium (Hauptstelle)
Gengenbach, Marta-Schanzenbach-Gymnasium (Hauptstelle)
Gerabronn, Gymnasium Gerabronn (Hauptstelle)
Gerlingen, Robert-Bosch-Gymnasium Gerlingen (Hauptstelle)
Gernsbach, Albert-Schweitzer-Gymnasium Gernsbach (Hauptstelle)
Giengen an der Brenz, Margarete-Steiff-Gymnasium (Hauptstelle)
Göppingen, Freihof-Gymnasium (Hauptstelle)
Göppingen, Hohenstaufen-Gymnasium (Hauptstelle)
Göppingen, Mörike-Gymnasium (Hauptstelle)
Göppingen, Werner-Heisenberg-Gymnasium (Hauptstelle)
Grenzach-Wyhlen, Lise-Meitner-Gymnasium (Hauptstelle)
Gundelfingen, Albert-Schweitzer-Gymnasium (Hauptstelle)
Haigerloch, Gymnasium (Hauptstelle)
Hausach, Robert-Gerwig-Gymnasium (Hauptstelle)
Hechingen, Gymnasium (Hauptstelle)
Heidelberg, Bunsen-Gymnasium (Hauptstelle)
Heidelberg, Helmholtz-Gymnasium (Hauptstelle)
Heidelberg, Hölderlin-Gymnasium (Hauptstelle)
Heidelberg, Kurfürst-Friedrich-Gymnasium (Hauptstelle)
Heidenheim an der Brenz, Hellenstein-Gymnasium (Hauptstelle)
Heidenheim an der Brenz, Max-Planck-Gymnasium (Hauptstelle)
Heidenheim an der Brenz, Schiller-Gymnasium (Hauptstelle)
Heidenheim an der Brenz, Werkgymnasium (Hauptstelle)
Heilbronn, Elly-Heuss-Knapp-Gymnasium (Hauptstelle)
Heilbronn, Justinus-Kerner-Gymnasium (Hauptstelle)
Heilbronn, Mönchsee-Gymnasium (Hauptstelle)
Heilbronn, Robert-Mayer-Gymnasium (Hauptstelle)
Heilbronn, Theodor-Heuss-Gymnasium (Hauptstelle)
Hemsbach, Bergstraßen-Gymnasium (Hauptstelle)
Herbrechtingen, Buigen-Gymnasium Herbrechtingen (Hauptstelle)
Herrenberg, Andreae-Gymnasium (Hauptstelle)
Herrenberg, Schickhardt-Gymnasium (Hauptstelle)
Heubach, Rosenstein-Gymnasium (Hauptstelle)
Hockenheim, Carl-Friedrich-Gauß-Gymnasium (Hauptstelle)
Holzgerlingen, Schönbuch-Gymnasium (Hauptstelle)
Horb am Neckar, Martin-Gerbert-Gymnasium (Hauptstelle)
Isny im Allgäu, Gymnasium (Hauptstelle)
Karlsbad, Gymnasium Karlsbad (Hauptstelle)
Karlsruhe, Bismarck-Gymnasium (Hauptstelle)
Karlsruhe, Fichte-Gymnasium (Hauptstelle)
Karlsruhe, Goethe-Gymnasium (Hauptstelle)
Karlsruhe, Gymnasium Neureut (Hauptstelle)
Karlsruhe, Helmholtz-Gymnasium (Hauptstelle)
Karlsruhe, Humboldt-Gymnasium (Hauptstelle)
Karlsruhe, Kant-Gymnasium (Hauptstelle)
Karlsruhe, Lessing-Gymnasium (Hauptstelle)
Karlsruhe, Markgrafen-Gymnasium Durlach (Hauptstelle)
Karlsruhe, Max-Planck-Gymnasium Karlsruhe (Hauptstelle)
Karlsruhe, Otto-Hahn-Gymnasium (Hauptstelle)
Kehl, Einstein-Gymnasium (Hauptstelle)
Kenzingen, Gymnasium Kenzingen (Hauptstelle)
Kirchheim unter Teck, Ludwig-Uhland-Gymnasium (Hauptstelle)
Kirchheim unter Teck, Schlossgymnasium (Hauptstelle)
Kirchzarten, Marie-Curie-Gymnasium Kirchzarten (Hauptstelle)
Königsbach-Stein, Lise-Meitner-Gymnasium (Hauptstelle)
Konstanz, Alexander-von-Humboldt- Gymnasium (Hauptstelle)
Konstanz, Ellenrieder-Gymnasium (Hauptstelle)
Konstanz, Geschwister-Scholl-Schule Werkrealschule, Realschule und Gymnasium (Hauptstelle)
Konstanz, Heinrich-Suso-Gymnasium (Hauptstelle)
Korntal-Münchingen, Gymnasium Korntal-Münchingen (Hauptstelle)
Kornwestheim, Ernst-Sigle-Gymnasium (Hauptstelle)
Künzelsau, Ganerben-Gymnasium (Hauptstelle)
Künzelsau, Schlossgymnasium Künzelsau Staatliches Aufbaugymnasium mit Internat (Hauptstelle)
Ladenburg, Carl-Benz-Gymnasium (Hauptstelle)
Lahr, Clara-Schumann-Gymnasium St. Aufbaugymnasium mit Heim (Hauptstelle)
Lahr, Max-Planck-Gymnasium (Hauptstelle)
Lahr, Scheffel-Gymnasium (Hauptstelle)
Laichingen, Albert-Schweitzer-Gymnasium (Hauptstelle)
Langenau, Robert-Bosch-Gymnasium (Hauptstelle)
Lauda-Königshofen, Martin-Schleyer-Gymnasium (Hauptstelle)
Lauffen am Neckar, Hölderlin-Gymnasium (Hauptstelle)
Laupheim, Carl-Laemmle-Gymnasium (Hauptstelle)
Leinfelden-Echterdingen, Immanuel-Kant-Gymnasium (Hauptstelle)
Leinfelden-Echterdingen, Ph.-Matthäus-Hahn-Gymnasium (Hauptstelle)
Leonberg, Albert-Schweitzer-Gymnasium (Hauptstelle)
Leonberg, Johannes-Kepler-Gymnasium (Hauptstelle)
Leutkirch im Allgäu, Hans-Multscher-Gymnasium (Hauptstelle)
Lorch, Gymnasium Friedrich II. Lorch (Hauptstelle)
Lörrach, Hans-Thoma-Gymnasium (Hauptstelle)
Lörrach, Hebel-Gymnasium (Hauptstelle)
Ludwigsburg, Friedrich-Schiller-Gymnasium (Hauptstelle)
Ludwigsburg, Goethe-Gymnasium (Hauptstelle)
Ludwigsburg, Mörike-Gymnasium (Hauptstelle)
Ludwigsburg, Otto-Hahn-Gymnasium Bildungszentrum West (Hauptstelle)
Mannheim, Elisabeth-Gymnasium (Hauptstelle)
Mannheim, Feudenheimschule Gymnasium (Hauptstelle)
Mannheim, Geschwister-Scholl-Gymnasium Mannheim (Hauptstelle)
Mannheim, Johanna-Geissmar-Gymnasium (Hauptstelle)
Mannheim, Karl-Friedrich-Gymnasium (Hauptstelle)
Mannheim, Lessing-Gymnasium (Hauptstelle)
Mannheim, Liselotte-Gymnasium (Hauptstelle)
Mannheim, Ludwig-Frank-Gymnasium (Hauptstelle)
Mannheim, Moll-Gymnasium (Hauptstelle)
Marbach am Neckar, Friedrich-Schiller-Gymnasium (Hauptstelle)
Markdorf, Bildungszentrum Gymnasium (Hauptstelle)
Markgröningen, Hans-Grüninger-Gymnasium (Hauptstelle)
Markgröningen, Helene-Lange-Gymnasium (Hauptstelle)
Maulbronn, Evangelisches Seminar Maulbronn (Hauptstelle)
Maulbronn, Salzach-Gymnasium Maulbronn (Hauptstelle)
Meersburg, Droste-Hülshoff-Gymnasium Staatl. Aufbaugymnasium mit Internat (Hauptstelle)
Mengen, Gymnasium (Hauptstelle)
Meßkirch, Martin-Heidegger-Gymnasium (Hauptstelle)
Meßstetten, Gymnasium (Hauptstelle)
Metzingen, Dietrich-Bonhoeffer-Gymnasium (Hauptstelle)
Möckmühl, Jagsttal-Gymnasium Möckmühl (Hauptstelle)
Mosbach, Auguste-Pattberg-Gymnasium (Hauptstelle)
Mosbach, Nicolaus-Kistner-Gymnasium (Hauptstelle)
Mössingen, Quenstedt-Gymnasium (Hauptstelle)
Mühlacker, Theodor-Heuss-Gymnasium (Hauptstelle)
Müllheim, Markgräfler Gymnasium (Hauptstelle)
Münsingen, Gymnasium (Hauptstelle)
Murrhardt, Heinrich-von-Zügel-Gymnasium (Hauptstelle)
Nagold, Otto-Hahn-Gymnasium (Hauptstelle)
Neckarbischofsheim, Adolf-Schmitthenner-Gymnasium (Hauptstelle)
Neckargemünd, Max-Born-Gymnasium (Hauptstelle)
Neckarsulm, Albert-Schweitzer-Gymnasium (Hauptstelle)
Neckartenzlingen, Gymnasium Neckartenzlingen (Hauptstelle)
Neresheim, Benedikt-Maria-Werkmeister- Gymnasium (Hauptstelle)
Neuenbürg, Gymnasium Neuenbürg (Hauptstelle)
Neuenburg am Rhein, Kreisgymnasium Neuenburg (Hauptstelle)
Neuenstadt am Kocher, Eduard-Mörike-Gymnasium Neuenstadt am Kocher (Hauptstelle)
Nürtingen, Hölderlin-Gymnasium (Hauptstelle)
Nürtingen, Max-Planck-Gymnasium (Hauptstelle)
Oberkirch, Hans-Furler-Gymnasium (Hauptstelle)
Oberkochen, Ernst-Abbe-Gymnasium (Hauptstelle)
Oberndorf am Neckar, Gymnasium am Rosenberg (Hauptstelle)
Ochsenhausen, Gymnasium (Hauptstelle)
Offenburg, Grimmelshausen-Gymnasium (Hauptstelle)
Offenburg, Oken-Gymnasium (Hauptstelle)
Offenburg, Schiller-Gymnasium (Hauptstelle)
Öhringen, Hohenlohe-Gymnasium (Hauptstelle)
Osterburken, Ganztagesgymnasium Osterburken (Hauptstelle)
Ostfildern, Heinrich-Heine-Gymnasium (Hauptstelle)
Ostfildern, Otto-Hahn-Gymnasium (Hauptstelle)
Östringen, Leibniz-Gymnasium (Hauptstelle)
Pfinztal, Ludwig-Marum-Gymnasium im Bildungszentrum Pfinztal (Hauptstelle)
Pforzheim, Hebel-Gymnasium (Hauptstelle)
Pforzheim, Hilda-Gymnasium (Hauptstelle)
Pforzheim, Kepler-Gymnasium (Hauptstelle)
Pforzheim, Reuchlin-Gymnasium (Hauptstelle)
Pforzheim, Theodor-Heuss-Gymnasium (Hauptstelle)
Pfullendorf, Staufer-Gymnasium (Hauptstelle)
Pfullingen, Friedrich-Schiller-Gymnasium (Hauptstelle)
Philippsburg, Copernicus-Gymnasium (Hauptstelle)
Plochingen, Gymnasium Plochingen (Hauptstelle)
Radolfzell am Bodensee, Friedrich-Hecker-Gymnasium (Hauptstelle)
Rastatt, Ludwig-Wilhelm-Gymnasium (Hauptstelle)
Rastatt, Tulla-Gymnasium (Hauptstelle)
Ravensburg, Albert-Einstein-Gymnasium (Hauptstelle)
Ravensburg, Spohn-Gymnasium (Hauptstelle)
Ravensburg, Welfen-Gymnasium (Hauptstelle)
Remchingen, Gymnasium Remchingen (Hauptstelle)
Remseck am Neckar, Lise-Meitner-Gymnasium (Hauptstelle)
Renningen, Gymnasium Renningen (Hauptstelle)
Reutlingen, Albert-Einstein-Gymnasium (Hauptstelle)
Reutlingen, Friedrich-List-Gymnasium (Hauptstelle)
Reutlingen, HAP-Grieshaber-Gymnasium im Bildungszentrum Nord (Hauptstelle)
Reutlingen, Isolde-Kurz-Gymnasium (Hauptstelle)
Reutlingen, Johannes-Kepler-Gymnasium (Hauptstelle)
Rheinau, Anne-Frank-Gymnasium Rheinau (Hauptstelle)
Rheinfelden (Baden), Georg-Buechner-Gymnasium (Hauptstelle)
Rheinstetten, Walahfrid-Strabo-Gymnasium (Hauptstelle)
Riedlingen, Kreisgymnasium (Hauptstelle)
Rosenfeld, Progymnasium (Hauptstelle)
Rottenburg am Neckar, Eugen-Bolz-Gymnasium (Hauptstelle)
Rottenburg am Neckar, Paul-Klee-Gymnasium (Hauptstelle)
Rottweil, Albertus-Magnus-Gymnasium (Hauptstelle)
Rottweil, Droste-Hülshoff-Gymnasium (Hauptstelle)
Rottweil, Leibniz-Gymnasium (Hauptstelle)
Rutesheim, Gymnasium Rutesheim (Hauptstelle)
Sandhausen, Friedrich-Ebert-Gymnasium (Hauptstelle)
Schönau im Schwarzwald, Gymnasium Schönau (Hauptstelle)
Schopfheim, Theodor-Heuss-Gymnasium (Hauptstelle)
Schorndorf, Burg-Gymnasium (Hauptstelle)
Schorndorf, Max-Planck-Gymnasium (Hauptstelle)
Schramberg, Gymnasium Schramberg (Hauptstelle)
Schriesheim, Kurpfalz-Gymnasium (Hauptstelle)
Schwäbisch Gmünd, Hans-Baldung-Gymnasium (Hauptstelle)
Schwäbisch Gmünd, Landesgymnasium f. Hochbegabte mit Internat Schwäbisch Gmünd (Hauptstelle)
Schwäbisch Gmünd, Parler-Gymnasium (Hauptstelle)
Schwäbisch Gmünd, Scheffold-Gymnasium (Hauptstelle)
Schwäbisch Hall, Erasmus-Widmann-Gymnasium im Schulzentrum West (Hauptstelle)
Schwäbisch Hall, Gymnasium bei St. Michael (Hauptstelle)
Schwetzingen, Hebel-Gymnasium (Hauptstelle)
Sigmaringen, Hohenzollern-Gymnasium (Hauptstelle)
Sindelfingen, Goldberg-Gymnasium (Hauptstelle)
Sindelfingen, Gymnasium in den Pfarrwiesen (Hauptstelle)
Sindelfingen, Gymnasium Unterrieden (Hauptstelle)
Sindelfingen, Stiftsgymnasium (Hauptstelle)
Singen (Hohentwiel), Friedrich-Wöhler-Gymnasium (Hauptstelle)
Singen (Hohentwiel), Hegau-Gymnasium (Hauptstelle)
Sinsheim, Wilhelmi-Gymnasium (Hauptstelle)
Spaichingen, Gymnasium Spaichingen (Hauptstelle)
Staufen im Breisgau, Faust-Gymnasium (Hauptstelle)
St. Georgen im Schwarzwald, Thomas-Strittmatter-Gymnasium St. Georgen (Hauptstelle)
Stockach, Nellenburg-Gymnasium (Hauptstelle)
Stutensee, Thomas-Mann-Gymnasium (Hauptstelle)
Stuttgart, Dillmann-Gymnasium (Hauptstelle)
Stuttgart, Eberhard-Ludwigs-Gymnasium (Hauptstelle)
Stuttgart, Elly-Heuss-Knapp-Gymnasium Bad Cannstatt (Hauptstelle)
Stuttgart, Eschbach-Gymnasium Stuttgart-Freiberg (Hauptstelle)
Stuttgart, Fanny-Leicht-Gymnasium Vaihingen (Hauptstelle)
Stuttgart, Ferdinand-Porsche-Gymnasium Zuffenhausen (Hauptstelle)
Stuttgart, Friedrich-Eugens-Gymnasium (Hauptstelle)
Stuttgart, Geschwister-Scholl-Gymnasium Sillenbuch (Hauptstelle)
Stuttgart, Gottlieb-Daimler-Gymnasium Bad Cannstatt (Hauptstelle)
Stuttgart, Hegel-Gymnasium Vaihingen (Hauptstelle)
Stuttgart, Hölderlin-Gymnasium (Hauptstelle)
Stuttgart, Johannes-Kepler-Gymnasium Bad Cannstatt (Hauptstelle)
Stuttgart, Jörg-Ratgeb-Schule Realschule und Gymnasium (Hauptstelle)
Stuttgart, Karls-Gymnasium (Hauptstelle)
Stuttgart, Königin-Charlotte-Gymnasium Möhringen (Hauptstelle)
Stuttgart, Königin-Katharina-Stift Gymnasium (Hauptstelle)
Stuttgart, Königin-Olga-Stift Gymnasium (Hauptstelle)
Stuttgart, Neues Gymnasium Leibniz Stuttgart-Feuerbach (Hauptstelle)
Stuttgart, Paracelsus-Gymnasium Hohenheim (Hauptstelle)
Stuttgart, Schickhardt-Gymnasium (Hauptstelle)
Stuttgart, Solitude-Gymnasium Weilimdorf (Hauptstelle)
Stuttgart, Wagenburg-Gymnasium (Hauptstelle)
Stuttgart, Wilhelms-Gymnasium Degerloch (Hauptstelle)
Stuttgart, Wirtemberg-Gymnasium Untertürkheim (Hauptstelle)
Stuttgart, Zeppelin-Gymnasium (Hauptstelle)
Sulz am Neckar, Albeck-Gymnasium (Hauptstelle)
Tauberbischofsheim, Matthias-Grünewald-Gymnasium (Hauptstelle)
Tettnang, Montfort-Gymnasium (Hauptstelle)
Titisee-Neustadt, Kreisgymnasium Hochschwarzwald (Hauptstelle)
Triberg im Schwarzwald, Schwarzwald-Gymnasium Triberg (Hauptstelle)
Trossingen, Gymnasium Trossingen (Hauptstelle)
Tübingen, Carlo-Schmid-Gymnasium (Hauptstelle)
Tübingen, Geschwister-Scholl-Schule Gemeinschaftsschule und Gymnasium (Hauptstelle)
Tübingen, Kepler-Gymnasium (Hauptstelle)
Tübingen, Uhland-Gymnasium (Hauptstelle)
Tübingen, Wildermuth-Gymnasium (Hauptstelle)
Tuttlingen, Immanuel-Kant-Gymnasium (Hauptstelle)
Tuttlingen, Otto-Hahn-Gymnasium (Hauptstelle)
Überlingen, Gymnasium (Hauptstelle)
Ulm, Anna-Essinger-Gymnasium (Hauptstelle)
Ulm, Hans u.Sophie Scholl-Gymnasium (Hauptstelle)
Ulm, Humboldt-Gymnasium (Hauptstelle)
Ulm, Kepler-Gymnasium (Hauptstelle)
Ulm, Schubart-Gymnasium (Hauptstelle)
Ulm, Schulzentrum Ulm-Wiblingen Albert-Einstein-Gymnasium (Hauptstelle)
Vaihingen an der Enz, Friedrich-Abel-Gymnasium (Hauptstelle)
Vaihingen an der Enz, Stromberg-Gymnasium Vaihingen an der Enz (Hauptstelle)
Villingen-Schwenningen, Gymnasium am Deutenberg (Hauptstelle)
Villingen-Schwenningen, Gymnasium am Hoptbühl (Hauptstelle)
Villingen-Schwenningen, Gymnasium am Romäusring (Hauptstelle)
Waiblingen, Salier-Gymnasium (Hauptstelle)
Waiblingen, Staufer-Gymnasium (Hauptstelle)
Waldkirch, Geschwister-Scholl-Gymnasium (Hauptstelle)
Waldshut-Tiengen, Hochrhein-Gymnasium Waldshut (Hauptstelle)
Waldshut-Tiengen, Klettgau-Gymnasium Tiengen (Hauptstelle)
Walldorf, Gymnasium Walldorf (Hauptstelle)
Wangen im Allgäu, Rupert-Neß-Gymnasium (Hauptstelle)
Wehingen, Gymnasium Gosheim-Wehingen (Hauptstelle)
Weikersheim, Gymnasium Weikersheim (Hauptstelle)
Weil am Rhein, Kant-Gymnasium (Hauptstelle)
Weil am Rhein, Oberrhein-Gymnasium (Hauptstelle)
Weil der Stadt, Johannes-Kepler-Gymnasium (Hauptstelle)
Weingarten, Gymnasium (Hauptstelle)
Weinheim, Dietrich-Bonhoeffer-Schule Grund-, Werkreal-, Realschule und Gymnasium (Hauptstelle)
Weinheim, Werner-Heisenberg-Gymnasium (Hauptstelle)
Weinsberg, Justinus-Kerner-Gymnasium (Hauptstelle)
Weinstadt, Remstal-Gymnasium Weinstadt (Hauptstelle)
Weissach im Tal, Gymnasium Weissach im Tal (Hauptstelle)
Welzheim, Limes-Gymnasium (Hauptstelle)
Wendlingen am Neckar, Robert-Bosch-Gymnasium (Hauptstelle)
Wertheim, Dietrich-Bonhoeffer-Gymnasium (Hauptstelle)
Wiesloch, Ottheinrich-Gymnasium Wiesloch (Hauptstelle)
Wilhelmsdorf, Gymnasium (Hauptstelle)
Winnenden, Georg-Büchner-Gymnasium (Hauptstelle)
Winnenden, Lessing-Gymnasium (Hauptstelle)
